"state","CountryCode","sub_region_gadm","Region"
"encamp","ad","encamp","WESTERN EUROPE"
"escaldes-engordany","ad","escaldes-engordany","WESTERN EUROPE"
"abu dhabi","ae","abu dhabi","NEAR EAST"
"dubai","ae","dubai","NEAR EAST"
"kabul","af","kabul","ASIA (EX. NEAR EAST)"
"buenos aires","ar","buenos aires",NA
"burgenland","at","burgenland","WESTERN EUROPE"
"carinthia","at","kärnten","WESTERN EUROPE"
"lower austria","at","niederösterreich","WESTERN EUROPE"
"salzburg","at","salzburg","WESTERN EUROPE"
"styria","at","steiermark","WESTERN EUROPE"
"tyrol","at","tirol","WESTERN EUROPE"
"upper austria","at","oberösterreich","WESTERN EUROPE"
"vienna","at","wien","WESTERN EUROPE"
"vorarlberg","at","vorarlberg","WESTERN EUROPE"
"australian capital territory","au","australian capital territory","OCEANIA"
"new south wales","au","new south wales","OCEANIA"
"queensland","au","queensland","OCEANIA"
"south australia","au","south australia","OCEANIA"
"tasmania","au","tasmania","OCEANIA"
"victoria","au","victoria","OCEANIA"
"federation of bosnia and herzegovina","ba","federacija bosna i hercegovina","EASTERN EUROPE"
"dhaka division","bd","dhaka","ASIA (EX. NEAR EAST)"
"brussels","be","bruxelles","WESTERN EUROPE"
"flanders","be","vlaanderen","WESTERN EUROPE"
"wallonia","be","wallonie","WESTERN EUROPE"
"blagoevgrad province","bg","blagoevgrad","EASTERN EUROPE"
"burgas","bg","burgas","EASTERN EUROPE"
"dobrich province","bg","dobrich","EASTERN EUROPE"
"haskovo province","bg","haskovo","EASTERN EUROPE"
"kardzhali province","bg","kardzhali","EASTERN EUROPE"
"lovec","bg","lovech","EASTERN EUROPE"
"plovdiv province","bg","plovdiv","EASTERN EUROPE"
"ruse","bg","ruse","EASTERN EUROPE"
"shumen province","bg","shumen","EASTERN EUROPE"
"sliven province","bg","sliven","EASTERN EUROPE"
"smoljan","bg","smolyan","EASTERN EUROPE"
"sofia city province","bg","sofia","EASTERN EUROPE"
"stara zagora","bg","stara zagora","EASTERN EUROPE"
"varna","bg","varna","EASTERN EUROPE"
"veliko tarnovo province","bg","veliko tarnovo","EASTERN EUROPE"
"vraca","bg","vratsa","EASTERN EUROPE"
"capital governorate","bh","capital","NEAR EAST"
"state of são paulo","br","são paulo",NA
"alberta","ca","alberta","NORTHERN AMERICA"
"british columbia","ca","british columbia","NORTHERN AMERICA"
"manitoba","ca","manitoba","NORTHERN AMERICA"
"new brunswick","ca","new brunswick","NORTHERN AMERICA"
"newfoundland and labrador","ca","newfoundland and labrador","NORTHERN AMERICA"
"northwest territories","ca","northwest territories","NORTHERN AMERICA"
"nova scotia","ca","nova scotia","NORTHERN AMERICA"
"ontario","ca","ontario","NORTHERN AMERICA"
"prince edward island","ca","prince edward island","NORTHERN AMERICA"
"quebec","ca","québec","NORTHERN AMERICA"
"saskatchewan","ca","saskatchewan","NORTHERN AMERICA"
"aargau","ch","aargau","WESTERN EUROPE"
"basel city","ch","basel-stadt","WESTERN EUROPE"
"basel-landschaft","ch","basel-landschaft","WESTERN EUROPE"
"canton of bern","ch","bern","WESTERN EUROPE"
"geneva","ch","genève","WESTERN EUROPE"
"lucerne","ch","lucerne","WESTERN EUROPE"
"neuchâtel","ch","neuchâtel","WESTERN EUROPE"
"schwyz","ch","schwyz","WESTERN EUROPE"
"st. gallen","ch","sankt gallen","WESTERN EUROPE"
"thurgau","ch","thurgau","WESTERN EUROPE"
"ticino","ch","ticino","WESTERN EUROPE"
"valais","ch","valais","WESTERN EUROPE"
"vaud","ch","vaud","WESTERN EUROPE"
"zurich","ch","zürich","WESTERN EUROPE"
"abidjan autonomous district","ci","abidjan",NA
"antofagasta","cl","antofagasta","LATIN AMER. & CARIB"
"araucania","cl","araucanía","LATIN AMER. & CARIB"
"arica y parinacota","cl","arica y parinacota","LATIN AMER. & CARIB"
"atacama","cl","atacama","LATIN AMER. & CARIB"
"aysén","cl","aisén del general carlos ibáñez del campo","LATIN AMER. & CARIB"
"bio bio","cl","bío-bío","LATIN AMER. & CARIB"
"chile","cl",NA,"LATIN AMER. & CARIB"
"coquimbo","cl","coquimbo","LATIN AMER. & CARIB"
"los lagos","cl","los lagos","LATIN AMER. & CARIB"
"los ríos","cl","los ríos","LATIN AMER. & CARIB"
"magallanes and chilean antarctica","cl","magallanes y antártica chilena","LATIN AMER. & CARIB"
"maule","cl","maule","LATIN AMER. & CARIB"
"ohiggins","cl","libertador general bernardo o'higgins","LATIN AMER. & CARIB"
"santiago metropolitan region","cl","región metropolitana de santiago","LATIN AMER. & CARIB"
"tarapacá","cl","tarapacá","LATIN AMER. & CARIB"
"valparaíso","cl","valparaíso","LATIN AMER. & CARIB"
"ñuble","cl","ñuble","LATIN AMER. & CARIB"
"anhui","cn","anhui","ASIA (EX. NEAR EAST)"
"beijing","cn","beijing","ASIA (EX. NEAR EAST)"
"china","cn",NA,"ASIA (EX. NEAR EAST)"
"chongqing","cn","chongqing","ASIA (EX. NEAR EAST)"
"fujian","cn","fujian","ASIA (EX. NEAR EAST)"
"gansu","cn","gansu","ASIA (EX. NEAR EAST)"
"guangdong province","cn","guangdong","ASIA (EX. NEAR EAST)"
"guangxi","cn","guangxi","ASIA (EX. NEAR EAST)"
"guizhou","cn","guizhou","ASIA (EX. NEAR EAST)"
"hainan","cn","hainan","ASIA (EX. NEAR EAST)"
"hebei","cn","hebei","ASIA (EX. NEAR EAST)"
"heilongjiang","cn","heilongjiang","ASIA (EX. NEAR EAST)"
"henan","cn","henan","ASIA (EX. NEAR EAST)"
"hubei","cn","hubei","ASIA (EX. NEAR EAST)"
"hunan","cn","hunan","ASIA (EX. NEAR EAST)"
"inner mongolia","cn","nei mongol","ASIA (EX. NEAR EAST)"
"jiangsu","cn","jiangsu","ASIA (EX. NEAR EAST)"
"jiangxi","cn","jiangxi","ASIA (EX. NEAR EAST)"
"jilin","cn","jilin","ASIA (EX. NEAR EAST)"
"liaoning","cn","liaoning","ASIA (EX. NEAR EAST)"
"ningxia","cn","ningxia hui","ASIA (EX. NEAR EAST)"
"qinghai","cn","qinghai","ASIA (EX. NEAR EAST)"
"shaanxi","cn","shaanxi","ASIA (EX. NEAR EAST)"
"shandong","cn","shandong","ASIA (EX. NEAR EAST)"
"shanghai","cn","shanghai","ASIA (EX. NEAR EAST)"
"shanxi","cn","shanxi","ASIA (EX. NEAR EAST)"
"sichuan","cn","sichuan","ASIA (EX. NEAR EAST)"
"tianjin","cn","tianjin","ASIA (EX. NEAR EAST)"
"tibet","cn","yunnan","ASIA (EX. NEAR EAST)"
"xinjiang","cn","xinjiang uygur","ASIA (EX. NEAR EAST)"
"yunnan","cn","yunnan","ASIA (EX. NEAR EAST)"
"zhejiang","cn","zhejiang","ASIA (EX. NEAR EAST)"
"antioquia","co","antioquia","LATIN AMER. & CARIB"
"bogota","co","cundinamarca","LATIN AMER. & CARIB"
"san josé province","cr","san josé","LATIN AMER. & CARIB"
"curaçao","cw",NA,NA
"central bohemian region","cz","stredoceský","EASTERN EUROPE"
"hradec králové region","cz","královéhradecký","EASTERN EUROPE"
"karlovy vary region","cz","karlovarský","EASTERN EUROPE"
"liberec region","cz","liberecký","EASTERN EUROPE"
"moravian-silesian region","cz","moravskoslezský","EASTERN EUROPE"
"olomouc region","cz","olomoucký","EASTERN EUROPE"
"pardubice region","cz","pardubický","EASTERN EUROPE"
"plzen region","cz","plzenský","EASTERN EUROPE"
"prague","cz","prague","EASTERN EUROPE"
"south bohemian region","cz","jihoceský","EASTERN EUROPE"
"south moravian region","cz","jihomoravský","EASTERN EUROPE"
"vysocina region","cz","kraj vysocina","EASTERN EUROPE"
"zlin region","cz","zlínský","EASTERN EUROPE"
"ústí nad labem region","cz","ústecký","EASTERN EUROPE"
"baden-württemberg","de","baden-württemberg","WESTERN EUROPE"
"bavaria","de","bayern","WESTERN EUROPE"
"berlin","de","berlin","WESTERN EUROPE"
"brandenburg","de","brandenburg","WESTERN EUROPE"
"bremen","de","bremen","WESTERN EUROPE"
"hamburg","de","hamburg","WESTERN EUROPE"
"hesse","de","hessen","WESTERN EUROPE"
"lower saxony","de","niedersachsen","WESTERN EUROPE"
"mecklenburg-vorpommern","de","mecklenburg-vorpommern","WESTERN EUROPE"
"north rhine-westphalia","de","nordrhein-westfalen","WESTERN EUROPE"
"rhineland-palatinate","de","rheinland-pfalz","WESTERN EUROPE"
"saarland","de","saarland","WESTERN EUROPE"
"saxony","de","sachsen","WESTERN EUROPE"
"saxony-anhalt","de","sachsen-anhalt","WESTERN EUROPE"
"schleswig-holstein","de","schleswig-holstein","WESTERN EUROPE"
"thuringia","de","thüringen","WESTERN EUROPE"
"capital region of denmark","dk","hovedstaden","WESTERN EUROPE"
"central denmark region","dk","midtjylland","WESTERN EUROPE"
"north denmark region","dk","nordjylland","WESTERN EUROPE"
"region of southern denmark","dk","syddanmark","WESTERN EUROPE"
"region zealand","dk","sjælland","WESTERN EUROPE"
"algiers province","dz","alger","NORTHERN AFRICA"
"harju county","ee","harju","EASTERN EUROPE"
"ida-viru county","ee","ida-viru","EASTERN EUROPE"
"jõgeva county","ee","jõgeva","EASTERN EUROPE"
"lääne-viru county","ee","lääne-viru","EASTERN EUROPE"
"saare county","ee","saare","EASTERN EUROPE"
"tartu county","ee","tartu","EASTERN EUROPE"
"andalusia","es","andalucía","WESTERN EUROPE"
"aragon","es","aragón","WESTERN EUROPE"
"asturias","es","principado de asturias","WESTERN EUROPE"
"balearic islands","es","islas baleares","WESTERN EUROPE"
"basque country","es","país vasco","WESTERN EUROPE"
"canary islands","es","islas canarias","WESTERN EUROPE"
"cantabria","es","cantabria","WESTERN EUROPE"
"castile and león","es","castilla y león","WESTERN EUROPE"
"castile-la mancha","es","castilla-la mancha","WESTERN EUROPE"
"catalonia","es","cataluña","WESTERN EUROPE"
"community of madrid","es","comunidad de madrid","WESTERN EUROPE"
"extremadura","es","extremadura","WESTERN EUROPE"
"galicia","es","galicia","WESTERN EUROPE"
"la rioja","es","la rioja","WESTERN EUROPE"
"navarre","es","comunidad foral de navarra","WESTERN EUROPE"
"region of murcia","es","región de murcia","WESTERN EUROPE"
"spain","es",NA,"WESTERN EUROPE"
"valencian community","es","comunidad valenciana","WESTERN EUROPE"
"addis ababa","et","addis abeba","SUB-SAHARAN AFRICA"
"central finland","fi","eastern finland","WESTERN EUROPE"
"central ostrobothnia","fi","western finland","WESTERN EUROPE"
"kainuu","fi","oulu","WESTERN EUROPE"
"kymenlaakso","fi","southern finland","WESTERN EUROPE"
"lapland","fi","lapland","WESTERN EUROPE"
"north karelia","fi","eastern finland","WESTERN EUROPE"
"northern ostrobothnia","fi","oulu","WESTERN EUROPE"
"northern savonia","fi","eastern finland","WESTERN EUROPE"
"ostrobothnia","fi","western finland","WESTERN EUROPE"
"pirkanmaa","fi","eastern finland","WESTERN EUROPE"
"päijänne tavastia","fi","southern finland","WESTERN EUROPE"
"satakunta","fi","western finland","WESTERN EUROPE"
"south karelia","fi","southern finland","WESTERN EUROPE"
"southern ostrobothnia","fi","western finland","WESTERN EUROPE"
"southwest finland","fi","western finland","WESTERN EUROPE"
"uusimaa","fi","southern finland","WESTERN EUROPE"
"auvergne-rhône-alpes","fr","auvergne-rhône-alpes","WESTERN EUROPE"
"bourgogne-franche-comté","fr","bourgogne-franche-comté","WESTERN EUROPE"
"brittany","fr","bretagne","WESTERN EUROPE"
"centre-val de loire","fr","centre-val de loire","WESTERN EUROPE"
"corsica","fr","corse","WESTERN EUROPE"
"grand est","fr","grand est","WESTERN EUROPE"
"hauts-de-france","fr","hauts-de-france","WESTERN EUROPE"
"normandy","fr","normandie","WESTERN EUROPE"
"nouvelle-aquitaine","fr","nouvelle-aquitaine","WESTERN EUROPE"
"occitanie","fr","occitanie","WESTERN EUROPE"
"pays de la loire","fr","pays de la loire","WESTERN EUROPE"
"provence-alpes-côte dazur","fr","provence-alpes-côte d'azur","WESTERN EUROPE"
"île-de-france","fr","île-de-france","WESTERN EUROPE"
"england","gb","england","WESTERN EUROPE"
"northern ireland","gb","northern ireland","WESTERN EUROPE"
"scotland","gb","scotland","WESTERN EUROPE"
"wales","gb","wales","WESTERN EUROPE"
"arrondissement of cayenne","gf","cayenne",NA
"greater accra region","gh","greater accra",NA
"gibraltar","gi","boké; conakry; faranah; kankan; kindia; labé; mamou; nzérékoré",NA
"conakry","gn","conakry",NA
"basse-terre","gp","basse-terre",NA
"grande-terre","gp","basse-terre",NA
"decentralized administration of attica","gr","attica","WESTERN EUROPE"
"decentralized administration of macedonia and thrace","gr","macedonia and thrace","WESTERN EUROPE"
"decentralized administration of thessaly and central greece","gr","thessaly and central greece","WESTERN EUROPE"
"baja verapaz department","gt","baja verapaz","LATIN AMER. & CARIB"
"guatemala department","gt","guatemala","LATIN AMER. & CARIB"
"hong kong island","hk","eastern","ASIA (EX. NEAR EAST)"
"kowloon","hk","kowloon city","ASIA (EX. NEAR EAST)"
"new territories","hk","islands; kwai tsing; north; sai kung; sha tin; tai po; tsuen wan; tuen mun; yuen long","ASIA (EX. NEAR EAST)"
"brod-posavina county","hr","brodsko-posavska","EASTERN EUROPE"
"city of zagreb","hr","grad zagreb","EASTERN EUROPE"
"dubrovnik-neretva county","hr","dubrovacko-neretvanska","EASTERN EUROPE"
"istria county","hr","istarska","EASTERN EUROPE"
"krapina-zagorje county","hr","krapinsko-zagorska","EASTERN EUROPE"
"lika-senj county","hr","licko-senjska","EASTERN EUROPE"
"osijek-baranja county","hr","osjecko-baranjska","EASTERN EUROPE"
"primorje-gorski kotar county","hr","primorsko-goranska","EASTERN EUROPE"
"sisak-moslavina county","hr","sisacko-moslavacka","EASTERN EUROPE"
"split-dalmatia county","hr","splitsko-dalmatinska","EASTERN EUROPE"
"zagreb county","hr","zagrebacka","EASTERN EUROPE"
"baranya","hu","baranya","EASTERN EUROPE"
"borsod-abaúj-zemplén","hu","borsod-abaúj-zemplén","EASTERN EUROPE"
"budapest","hu","budapest","EASTERN EUROPE"
"bács-kiskun","hu","bács-kiskun","EASTERN EUROPE"
"csongrád","hu","csongrád","EASTERN EUROPE"
"fejér","hu","fejér","EASTERN EUROPE"
"gyor-moson-sopron","hu","gyor-moson-sopron","EASTERN EUROPE"
"hajdú-bihar","hu","hajdú-bihar","EASTERN EUROPE"
"komárom-esztergom","hu","komárom-esztergom","EASTERN EUROPE"
"pest county","hu","pest","EASTERN EUROPE"
"szabolcs-szatmár-bereg","hu","szabolcs-szatmár-bereg","EASTERN EUROPE"
"veszprém","hu","veszprém","EASTERN EUROPE"
"jakarta","id","jakarta raya","ASIA (EX. NEAR EAST)"
"county cork","ie","cork","WESTERN EUROPE"
"county dublin","ie","dublin","WESTERN EUROPE"
"county galway","ie","galway","WESTERN EUROPE"
"county kerry","ie","kerry","WESTERN EUROPE"
"county kilkenny","ie","kilkenny","WESTERN EUROPE"
"county laois","ie","laoighis","WESTERN EUROPE"
"county limerick","ie","limerick","WESTERN EUROPE"
"county longford","ie","longford","WESTERN EUROPE"
"county mayo","ie","mayo","WESTERN EUROPE"
"county monaghan","ie","monaghan","WESTERN EUROPE"
"county wexford","ie","wexford","WESTERN EUROPE"
"county wicklow","ie","wicklow","WESTERN EUROPE"
"ireland","ie",NA,"WESTERN EUROPE"
"center district","il","hamerkaz","NEAR EAST"
"israel","il",NA,"NEAR EAST"
"andhra pradesh","in","andhra pradesh","ASIA (EX. NEAR EAST)"
"assam","in","assam","ASIA (EX. NEAR EAST)"
"bihar","in","bihar","ASIA (EX. NEAR EAST)"
"chandigarh","in","chandigarh","ASIA (EX. NEAR EAST)"
"delhi","in","nct of delhi","ASIA (EX. NEAR EAST)"
"gujarat","in","gujarat","ASIA (EX. NEAR EAST)"
"haryana","in","haryana","ASIA (EX. NEAR EAST)"
"india","in",NA,"ASIA (EX. NEAR EAST)"
"jharkhand","in","jharkhand","ASIA (EX. NEAR EAST)"
"karnataka","in","karnataka","ASIA (EX. NEAR EAST)"
"kerala","in","kerala","ASIA (EX. NEAR EAST)"
"madhya pradesh","in","madhya pradesh","ASIA (EX. NEAR EAST)"
"maharashtra","in","maharashtra","ASIA (EX. NEAR EAST)"
"meghalaya","in","meghalaya","ASIA (EX. NEAR EAST)"
"mizoram","in","mizoram","ASIA (EX. NEAR EAST)"
"odisha","in","odisha","ASIA (EX. NEAR EAST)"
"punjab","in","punjab","ASIA (EX. NEAR EAST)"
"rajasthan","in","rajasthan","ASIA (EX. NEAR EAST)"
"tamil nadu","in","tamil nadu","ASIA (EX. NEAR EAST)"
"telangana","in","telangana","ASIA (EX. NEAR EAST)"
"uttar pradesh","in","uttar pradesh","ASIA (EX. NEAR EAST)"
"west bengal","in","west bengal","ASIA (EX. NEAR EAST)"
"baghdad governorate","iq","baghdad","NEAR EAST"
"capital region","is","höfuðborgarsvæði","WESTERN EUROPE"
"eastern region","is","austurland","WESTERN EUROPE"
"northeastern region","is","norðurland vestra","WESTERN EUROPE"
"southern peninsula region","is","höfuðborgarsvæði","WESTERN EUROPE"
"emilia-romagna","it","emilia-romagna","WESTERN EUROPE"
"lazio","it","lazio","WESTERN EUROPE"
"amman governorate","jo","amman","NEAR EAST"
"kiambu county","ke","kiambu","SUB-SAHARAN AFRICA"
"chuy province","kg","chüy","SUB-SAHARAN AFRICA"
"north pyongan","kp","chagang-do; p'yongan-bukto; p'yongan-namdo; p'yongyang",NA
"hawalli governorate","kw","hawalli","NEAR EAST"
"kazakhstan","kz","almaty; aqmola; aqtöbe; atyrau; east kazakhstan; mangghystau; north kazakhstan; pavlodar; qaraghandy; qostanay; qyzylorda; south kazakhstan; west kazakhstan; zhambyl","C.W. OF IND. STATES"
"vientiane prefecture","la","vientiane","ASIA (EX. NEAR EAST)"
"western province","lk","colombo; gampaha; kalutara","ASIA (EX. NEAR EAST)"
"alytus county","lt","alytaus",NA
"kaunas county","lt","kauno",NA
"klaipeda county","lt","klaipedos",NA
"panevežys county","lt","panevezio",NA
"telšiai county","lt","telšiai",NA
"utena county","lt","utenos",NA
"vilnius county","lt","vilniaus",NA
"šiauliai county","lt","šiauliai",NA
"diekirch","lu","diekirch","WESTERN EUROPE"
"grevenmacher","lu","grevenmacher","WESTERN EUROPE"
"luxembourg district","lu","diekirch; grevenmacher; luxembourg","WESTERN EUROPE"
"city of liepaja","lv","kurzeme",NA
"riga","lv","riga",NA
"rezekne","lv","latgale",NA
"ventspils","lv","kurzeme",NA
"greater skopje","mk","saraj; gjor?e petrov; cair; šuto orizari; gazi baba",NA
"kicevo municipality","mk","kicevo",NA
"municipality of bitola","mk","bitola",NA
"municipality of ilinden","mk","ilinden",NA
"municipality of kavadarci","mk","kavadartsi",NA
"municipality of kocani","mk","kocani",NA
"municipality of kumanovo","mk","kumanovo",NA
"municipality of mavrovo and rostuša","mk","mavrovo and rostuša",NA
"municipality of tetovo","mk","tetovo",NA
"municipality of veles","mk","veles",NA
"bamako capital district","ml","bamako","SUB-SAHARAN AFRICA"
"yangon region","mm","yangon","ASIA (EX. NEAR EAST)"
"arkhangai","mn","arhangay","ASIA (EX. NEAR EAST)"
"bayan-ölgii","mn","bayan-ölgiy","ASIA (EX. NEAR EAST)"
"bayankhongor","mn","bayanhongor","ASIA (EX. NEAR EAST)"
"bulgan","mn","bulgan","ASIA (EX. NEAR EAST)"
"darkhan-uul","mn","darhan-uul","ASIA (EX. NEAR EAST)"
"dornod","mn","dornod","ASIA (EX. NEAR EAST)"
"dornogovi","mn","dornogovi","ASIA (EX. NEAR EAST)"
"dundgovi","mn","dundgovi","ASIA (EX. NEAR EAST)"
"govi-altai","mn","govi-altay","ASIA (EX. NEAR EAST)"
"govisümber","mn","govisümber","ASIA (EX. NEAR EAST)"
"khentii","mn","hentiy","ASIA (EX. NEAR EAST)"
"khovd","mn","hovd","ASIA (EX. NEAR EAST)"
"khövsgöl","mn","hövsgöl","ASIA (EX. NEAR EAST)"
"orkhon","mn","orhon","ASIA (EX. NEAR EAST)"
"selenge","mn","selenge","ASIA (EX. NEAR EAST)"
"sükhbaatar","mn","sühbaatar","ASIA (EX. NEAR EAST)"
"töv","mn","töv","ASIA (EX. NEAR EAST)"
"ulaanbaatar","mn","ulaanbaatar","ASIA (EX. NEAR EAST)"
"uvs","mn","uvs","ASIA (EX. NEAR EAST)"
"zavkhan","mn","dzavhan","ASIA (EX. NEAR EAST)"
"ömnögovi","mn","ömnögovi","ASIA (EX. NEAR EAST)"
"övörkhangai","mn","övörhangay","ASIA (EX. NEAR EAST)"
"fort-de-france","mq","fort-de-france",NA
"la trinité","mq","le trinité",NA
"le marin","mq","le marin",NA
"saint-pierre","mq","saint-pierre",NA
"malta","mt","centrali; ghawdex; nofsinhar; tramuntana; xlokk",NA
"baja california","mx","baja california","LATIN AMER. & CARIB"
"chihuahua","mx","chihuahua","LATIN AMER. & CARIB"
"guanajuato","mx","guanajuato","LATIN AMER. & CARIB"
"mexico city","mx","méxico","LATIN AMER. & CARIB"
"nuevo leon","mx","nuevo león","LATIN AMER. & CARIB"
"sonora","mx","sonora","LATIN AMER. & CARIB"
"state of mexico","mx","méxico","LATIN AMER. & CARIB"
"drenthe","nl","drenthe","WESTERN EUROPE"
"flevoland","nl","flevoland","WESTERN EUROPE"
"friesland","nl","friesland","WESTERN EUROPE"
"gelderland","nl","gelderland","WESTERN EUROPE"
"groningen","nl","groningen","WESTERN EUROPE"
"limburg","nl","limburg","WESTERN EUROPE"
"north brabant","nl","noord-brabant","WESTERN EUROPE"
"north holland","nl","noord-holland","WESTERN EUROPE"
"overijssel","nl","overijssel","WESTERN EUROPE"
"south holland","nl","zuid-holland","WESTERN EUROPE"
"utrecht","nl","utrecht","WESTERN EUROPE"
"zeeland","nl","zeeland","WESTERN EUROPE"
"agder","no","aust-agder","WESTERN EUROPE"
"innlandet","no","oppland; hedmark","WESTERN EUROPE"
"møre og romsdal","no","møre og romsdal","WESTERN EUROPE"
"nordland","no","nordland","WESTERN EUROPE"
"norway","no",NA,"WESTERN EUROPE"
"oslo","no","oslo","WESTERN EUROPE"
"rogaland","no","rogaland","WESTERN EUROPE"
"troms og finnmark","no","troms","WESTERN EUROPE"
"trøndelag","no","sør-trøndelag","WESTERN EUROPE"
"vestfold og telemark","no","telemark","WESTERN EUROPE"
"vestland","no","hordaland; sogn og fjordane","WESTERN EUROPE"
"viken","no","akershus; buskerud","WESTERN EUROPE"
"central development region","np","central",NA
"metropolitan municipality of lima","pe","lima","LATIN AMER. & CARIB"
"islamabad capital territory","pk","f.c.t.","ASIA (EX. NEAR EAST)"
"khyber pakhtunkhwa","pk","n.w.f.p.","ASIA (EX. NEAR EAST)"
"punjab","pk","punjab","ASIA (EX. NEAR EAST)"
"greater poland voivodeship","pl","wielkopolskie","EASTERN EUROPE"
"kuyavian-pomeranian voivodeship","pl","kujawsko-pomorskie","EASTERN EUROPE"
"lesser poland voivodeship","pl","malopolskie","EASTERN EUROPE"
"lower silesian voivodeship","pl","dolnoslaskie","EASTERN EUROPE"
"lublin voivodeship","pl","lubelskie","EASTERN EUROPE"
"lubusz voivodeship","pl","lubuskie","EASTERN EUROPE"
"masovian voivodeship","pl","mazowieckie","EASTERN EUROPE"
"opole voivodeship","pl","opolskie","EASTERN EUROPE"
"podkarpackie voivodeship","pl","podkarpackie","EASTERN EUROPE"
"podlaskie voivodeship","pl","podlaskie","EASTERN EUROPE"
"pomeranian voivodeship","pl","pomorskie","EASTERN EUROPE"
"silesian voivodeship","pl","lódzkie","EASTERN EUROPE"
"swietokrzyskie","pl","swietokrzyskie","EASTERN EUROPE"
"warmian-masurian voivodeship","pl","warminsko-mazurskie","EASTERN EUROPE"
"west pomeranian voivodeship","pl","zachodniopomorskie","EASTERN EUROPE"
"lódz voivodeship","pl","lódzkie","EASTERN EUROPE"
"bayamón","pr","bayamón","LATIN AMER. & CARIB"
"cataño","pr","cataño","LATIN AMER. & CARIB"
"mayagüez","pr","mayagüez","LATIN AMER. & CARIB"
"aveiro district","pt","aveiro","WESTERN EUROPE"
"azores","pt","azores","WESTERN EUROPE"
"braga","pt","braga","WESTERN EUROPE"
"castelo branco district","pt","castelo branco","WESTERN EUROPE"
"coimbra district","pt","coimbra","WESTERN EUROPE"
"faro district","pt","faro","WESTERN EUROPE"
"leiria district","pt","leiria","WESTERN EUROPE"
"lisbon","pt","lisboa","WESTERN EUROPE"
"madeira","pt","madeira","WESTERN EUROPE"
"porto district","pt","porto","WESTERN EUROPE"
"santarém district","pt","santarém","WESTERN EUROPE"
"setubal","pt","setúbal","WESTERN EUROPE"
"viana do castelo district","pt","viana do castelo","WESTERN EUROPE"
"vila real district","pt","vila real","WESTERN EUROPE"
"viseu district","pt","viseu","WESTERN EUROPE"
"évora district","pt","évora","WESTERN EUROPE"
"saint-denis","re","saint-denis",NA
"saint-paul","re","saint-paul",NA
"saint-pierre","re","saint-pierre",NA
"alba county","ro","alba","EASTERN EUROPE"
"arad county","ro","arad","EASTERN EUROPE"
"arge<U+0219> county","ro",NA,"EASTERN EUROPE"
"bacau county","ro","bacau","EASTERN EUROPE"
"bihor county","ro","bihor","EASTERN EUROPE"
"bistri<U+021B>a-nasaud county","ro",NA,"EASTERN EUROPE"
"boto<U+0219>ani county","ro",NA,"EASTERN EUROPE"
"bra<U+0219>ov county","ro",NA,"EASTERN EUROPE"
"braila county","ro","braila","EASTERN EUROPE"
"bucharest","ro","bucharest","EASTERN EUROPE"
"buzau county","ro","buzau","EASTERN EUROPE"
"cara<U+0219>-severin county","ro",NA,"EASTERN EUROPE"
"cluj county","ro","cluj","EASTERN EUROPE"
"constan<U+021B>a county","ro",NA,"EASTERN EUROPE"
"covasna county","ro","covasna","EASTERN EUROPE"
"calara<U+0219>i county","ro",NA,"EASTERN EUROPE"
"dolj county","ro","dolj","EASTERN EUROPE"
"gala<U+021B>i","ro",NA,"EASTERN EUROPE"
"giurgiu county","ro","giurgiu","EASTERN EUROPE"
"gorj county","ro","gorj","EASTERN EUROPE"
"harghita county","ro","harghita","EASTERN EUROPE"
"hunedoara county","ro","hunedoara","EASTERN EUROPE"
"ialomi<U+021B>a county","ro",NA,"EASTERN EUROPE"
"ia<U+0219>i county","ro",NA,"EASTERN EUROPE"
"ilfov county","ro","ilfov","EASTERN EUROPE"
"maramure<U+0219> county","ro",NA,"EASTERN EUROPE"
"mehedin<U+021B>i county","ro",NA,"EASTERN EUROPE"
"mure<U+0219> county","ro",NA,"EASTERN EUROPE"
"neam<U+021B> county","ro",NA,"EASTERN EUROPE"
"olt county","ro","olt","EASTERN EUROPE"
"prahova","ro","prahova","EASTERN EUROPE"
"satu mare county","ro","satu mare","EASTERN EUROPE"
"sibiu","ro","sibiu","EASTERN EUROPE"
"suceava county","ro","suceava","EASTERN EUROPE"
"salaj","ro","salaj","EASTERN EUROPE"
"teleorman county","ro","teleorman","EASTERN EUROPE"
"timi<U+0219> county","ro",NA,"EASTERN EUROPE"
"tulcea county","ro","tulcea","EASTERN EUROPE"
"vaslui county","ro","vaslui","EASTERN EUROPE"
"vrancea county","ro","vrancea","EASTERN EUROPE"
"vâlcea county","ro","vâlcea","EASTERN EUROPE"
"serbia","rs","borski; branicevski; grad beograd; jablanicki; južno-backi; južno-banatski; kolubarski; macvanski; moravicki; nišavski; pcinjski; pirotski; podunavski; pomoravski; rasinski; raški; severno-backi; severno-banatski; srednje-banatski; sremski; šumadijski; toplicki; zajecarski; zapadno-backi; zlatiborski; kosovska mitrovica; pecki; prizren","EASTERN EUROPE"
"vojvodina","rs","borski; branicevski; grad beograd; jablanicki; južno-backi; južno-banatski; kolubarski; macvanski; moravicki; nišavski; pcinjski; pirotski; podunavski; pomoravski; rasinski; raški; severno-backi; severno-banatski; srednje-banatski; sremski; šumadijski; toplicki; zajecarski; zapadno-backi; zlatiborski; kosovska mitrovica; pecki; prizren","EASTERN EUROPE"
"moscow","ru","moskva",NA
"moscow oblast","ru","moscow city",NA
"eastern province","sa","ar riyad; makkah","NEAR EAST"
"gavleborg county","se","gävleborg","WESTERN EUROPE"
"stockholm county","se","stockholm","WESTERN EUROPE"
"uppsala county","se","uppsala","WESTERN EUROPE"
"administrative unit maribor","si","podravska","EASTERN EUROPE"
"celje","si","savinjska","EASTERN EUROPE"
"koper","si","obalno-kraška","EASTERN EUROPE"
"ljubljana","si","osrednjeslovenska","EASTERN EUROPE"
"murska sobota","si","pomurska","EASTERN EUROPE"
"nova gorica","si","goriška","EASTERN EUROPE"
"trbovlje","si","zasavska","EASTERN EUROPE"
"zagorje ob savi","si","zasavska","EASTERN EUROPE"
"svalbard","sj","svalbard",NA
"banská bystrica region","sk","banskobystrický","ASIA (EX. NEAR EAST)"
"bratislava region","sk","bratislavský","ASIA (EX. NEAR EAST)"
"košice region","sk","košický","ASIA (EX. NEAR EAST)"
"nitra region","sk","nitriansky","ASIA (EX. NEAR EAST)"
"prešov region","sk","prešovský","ASIA (EX. NEAR EAST)"
"trencín region","sk","trenciansky","ASIA (EX. NEAR EAST)"
"trnava region","sk","trnavský","ASIA (EX. NEAR EAST)"
"žilina region","sk","žilinský","ASIA (EX. NEAR EAST)"
"bangkok","th","bangkok metropolis","ASIA (EX. NEAR EAST)"
"chachoengsao","th","chachoengsao","ASIA (EX. NEAR EAST)"
"chaiyaphum","th","chaiyaphum","ASIA (EX. NEAR EAST)"
"chiang mai","th","chiang mai","ASIA (EX. NEAR EAST)"
"chiang rai","th","chiang rai","ASIA (EX. NEAR EAST)"
"chon buri","th","chon buri","ASIA (EX. NEAR EAST)"
"lampang","th","lampang","ASIA (EX. NEAR EAST)"
"lamphun","th","lamphun","ASIA (EX. NEAR EAST)"
"mae hong son","th","mae hong son","ASIA (EX. NEAR EAST)"
"nakhon sawan","th","nakhon sawan","ASIA (EX. NEAR EAST)"
"nan","th","nan","ASIA (EX. NEAR EAST)"
"narathiwat","th","narathiwat","ASIA (EX. NEAR EAST)"
"nonthaburi","th","nonthaburi","ASIA (EX. NEAR EAST)"
"pathum thani","th","pathum thani","ASIA (EX. NEAR EAST)"
"phra nakhon si ayutthaya","th","phra nakhon si ayutthaya","ASIA (EX. NEAR EAST)"
"phrae","th","phrae","ASIA (EX. NEAR EAST)"
"phuket","th","phuket","ASIA (EX. NEAR EAST)"
"ratchaburi","th","ratchaburi","ASIA (EX. NEAR EAST)"
"rayong","th","rayong","ASIA (EX. NEAR EAST)"
"sa kaeo","th","sa kaeo","ASIA (EX. NEAR EAST)"
"samut prakan","th","samut prakan","ASIA (EX. NEAR EAST)"
"samut sakhon","th","samut sakhon","ASIA (EX. NEAR EAST)"
"saraburi","th","saraburi","ASIA (EX. NEAR EAST)"
"songkhla","th","songkhla","ASIA (EX. NEAR EAST)"
"surat thani","th","surat thani","ASIA (EX. NEAR EAST)"
"yala","th","yala","ASIA (EX. NEAR EAST)"
"districts of republican subordination","tj","dushanbe; gorno-badakhshan; khatlon; leninabad; tadzhikistan territories",NA
"ashgabat","tm","asgabat",NA
"adana","tr","adana","NEAR EAST"
"amasya","tr","amasya","NEAR EAST"
"ankara","tr","ankara","NEAR EAST"
"artvin","tr","artvin","NEAR EAST"
"agri","tr","agri","NEAR EAST"
"balikesir","tr","balikesir","NEAR EAST"
"bilecik","tr","bilecik","NEAR EAST"
"bolu","tr","bolu","NEAR EAST"
"bursa","tr","bursa","NEAR EAST"
"denizli","tr","denizli","NEAR EAST"
"edirne","tr","edirne","NEAR EAST"
"erzurum","tr","erzurum","NEAR EAST"
"giresun","tr","giresun","NEAR EAST"
"hatay","tr","hatay","NEAR EAST"
"igdir","tr","igdir","NEAR EAST"
"kahramanmaras","tr","karaman","NEAR EAST"
"kars","tr","kars","NEAR EAST"
"kayseri","tr","kayseri","NEAR EAST"
"kocaeli","tr","kocaeli","NEAR EAST"
"konya","tr","konya","NEAR EAST"
"kütahya","tr","kütahya","NEAR EAST"
"kirklareli","tr","kirklareli","NEAR EAST"
"manisa","tr","manisa","NEAR EAST"
"mugla","tr","mugla","NEAR EAST"
"ordu","tr","ordu","NEAR EAST"
"rize","tr","rize","NEAR EAST"
"sakarya","tr","sakarya","NEAR EAST"
"samsun","tr","samsun","NEAR EAST"
"sinop","tr","sinop","NEAR EAST"
"sivas","tr","sivas","NEAR EAST"
"tekirdag","tr","tekirdag","NEAR EAST"
"tokat","tr","tokat","NEAR EAST"
"trabzon","tr","trabzon","NEAR EAST"
"turkey","tr",NA,"NEAR EAST"
"yalova","tr","yalova","NEAR EAST"
"yozgat","tr","yozgat","NEAR EAST"
"zonguldak","tr","zinguldak","NEAR EAST"
"çanakkale","tr","çanakkale","NEAR EAST"
"çorum","tr","çorum","NEAR EAST"
"Istanbul","tr","istanbul","NEAR EAST"
"Izmir","tr","izmir","NEAR EAST"
"kaohsiung city","tw","kaohsiung","ASIA (EX. NEAR EAST)"
"new taipei city","tw","new taipei","ASIA (EX. NEAR EAST)"
"taichung city","tw","taichung","ASIA (EX. NEAR EAST)"
"tainan city","tw","tainan","ASIA (EX. NEAR EAST)"
"taipei city","tw","taipei","ASIA (EX. NEAR EAST)"
"taiwan","tw","taiwan","ASIA (EX. NEAR EAST)"
"taiwan province","tw","taiwan","ASIA (EX. NEAR EAST)"
"taoyuan city","tw",NA,"ASIA (EX. NEAR EAST)"
"central region","ug","adjumani; apac; arua; bugiri; bundibugyo; bushenyi; busia; gulu; hoima; iganga; jinja; kabale; kabarole; kaberamaido; kalangala; kampala; kamuli; kamwenge; kanungu; kapchorwa; kasese; katakwi; kayunga; kibale; kiboga; kisoro; kitgum; kotido; kumi; kyenjojo; lake; albert; lake victoria; lira; luwero; masaka; masindi; mayuge; mbale; mbarara; moroto; moyo; mpigi; mubende; mukono; nakapiripirit; nakasongola; nebbi; ntungamo; pader; pallisa; rakai; rukungiri; sembabule; sironko; soroti; tororo; wakiso; yumbe","SUB-SAHARAN AFRICA"
"alabama","us","alabama","NORTHERN AMERICA"
"alaska","us","alaska","NORTHERN AMERICA"
"arizona","us","arizona","NORTHERN AMERICA"
"arkansas","us","arkansas","NORTHERN AMERICA"
"california","us","california","NORTHERN AMERICA"
"colorado","us","colorado","NORTHERN AMERICA"
"connecticut","us","connecticut","NORTHERN AMERICA"
"delaware","us","delaware","NORTHERN AMERICA"
"district of columbia","us","district of columbia","NORTHERN AMERICA"
"florida","us","florida","NORTHERN AMERICA"
"georgia","us","georgia","NORTHERN AMERICA"
"hawaii","us","hawaii","NORTHERN AMERICA"
"idaho","us","idaho","NORTHERN AMERICA"
"illinois","us","illinois","NORTHERN AMERICA"
"indiana","us","indiana","NORTHERN AMERICA"
"iowa","us","iowa","NORTHERN AMERICA"
"kansas","us","kansas","NORTHERN AMERICA"
"kentucky","us","kentucky","NORTHERN AMERICA"
"louisiana","us","louisiana","NORTHERN AMERICA"
"maine","us","maine","NORTHERN AMERICA"
"maryland","us","maryland","NORTHERN AMERICA"
"massachusetts","us","massachusetts","NORTHERN AMERICA"
"michigan","us","michigan","NORTHERN AMERICA"
"minnesota","us","minnesota","NORTHERN AMERICA"
"mississippi","us","mississippi","NORTHERN AMERICA"
"missouri","us","missouri","NORTHERN AMERICA"
"montana","us","montana","NORTHERN AMERICA"
"nebraska","us","nebraska","NORTHERN AMERICA"
"nevada","us","nevada","NORTHERN AMERICA"
"new hampshire","us","new hampshire","NORTHERN AMERICA"
"new jersey","us","new jersey","NORTHERN AMERICA"
"new mexico","us","new mexico","NORTHERN AMERICA"
"new york","us","new york","NORTHERN AMERICA"
"north carolina","us","north carolina","NORTHERN AMERICA"
"north dakota","us","north dakota","NORTHERN AMERICA"
"ohio","us","ohio","NORTHERN AMERICA"
"oklahoma","us","oklahoma","NORTHERN AMERICA"
"oregon","us","oregon","NORTHERN AMERICA"
"pennsylvania","us","pennsylvania","NORTHERN AMERICA"
"rhode island","us","rhode island","NORTHERN AMERICA"
"south carolina","us","south carolina","NORTHERN AMERICA"
"south dakota","us","south dakota","NORTHERN AMERICA"
"tennessee","us","tennessee","NORTHERN AMERICA"
"texas","us","texas","NORTHERN AMERICA"
"united states of america","us",NA,"NORTHERN AMERICA"
"utah","us","utah","NORTHERN AMERICA"
"vermont","us","vermont","NORTHERN AMERICA"
"virginia","us","virginia","NORTHERN AMERICA"
"washington","us","washington","NORTHERN AMERICA"
"west virginia","us","west virginia","NORTHERN AMERICA"
"wisconsin","us","wisconsin","NORTHERN AMERICA"
"wyoming","us","wyoming","NORTHERN AMERICA"
"uzbekistan","uz","andijon; bukhoro; ferghana; jizzakh; karakalpakstan; kashkadarya; khorezm; namangan; navoi; samarkand; sirdaryo; surkhandarya; tashkent; tashkent city","C.W. OF IND. STATES"
"hanoi","vn",NA,"ASIA (EX. NEAR EAST)"
"ho chi minh city","vn",NA,"ASIA (EX. NEAR EAST)"
"decentralized administration of peloponnese","gr","peloponnese","WESTERN EUROPE"
"kosovo","xk","ðakovica; gnjilane; pristina; uroševac",NA
"kwazulu-natal","za","kwazulu-natal","SUB-SAHARAN AFRICA"
